	model	type	acc	diff	expected	unexpected	macrodiff
0	bert-base-multilingual-uncased	type1	0.4722222222222222	0.011704446293408931	3.561071458031427	3.549367011738018	0.011704446293409276
1	bert-base-multilingual-uncased	type2	0.494949494949495	-0.032230852253581126	3.3352447772307063	3.367475629484288	-0.03223085225358169
