	model	type	acc	diff	expected	unexpected	macrodiff
0	/home/esuritis/NLP/FINAL/Cross-lingual-LLM-gender-bias/models/UnbiasRU	type1	0.5176767676767676	0.0013168916703587426	1.4563114759969382	1.4549945843265795	0.0013168916703587552
1	/home/esuritis/NLP/FINAL/Cross-lingual-LLM-gender-bias/models/UnbiasRU	type2	0.4898989898989899	-0.0323062198304714	3.066382560790318	3.0986887806207895	-0.03230621983047133
