	model	type	acc	diff	expected	unexpected	macrodiff
0	/home/esuritis/NLP/FINAL/Cross-lingual-LLM-gender-bias/models/UnbiasDE	type1	0.5126262626262627	-0.0008211160495946652	1.6679016277486531	1.6687227437982477	-0.0008211160495945613
1	/home/esuritis/NLP/FINAL/Cross-lingual-LLM-gender-bias/models/UnbiasDE	type2	0.4696969696969697	-0.04761403618956537	3.035606349458108	3.0832203856476728	-0.047614036189564946
