	model	type	acc	diff	expected	unexpected	macrodiff
0	/home/esuritis/NLP/FINAL/Cross-lingual-LLM-gender-bias/models/UnbiasES	type1	0.5075757575757576	0.008088072472251372	1.467308207827716	1.4592201353554646	0.008088072472251406
1	/home/esuritis/NLP/FINAL/Cross-lingual-LLM-gender-bias/models/UnbiasES	type2	0.46464646464646464	-0.05927639713431298	2.9814005701054853	3.040676967239798	-0.05927639713431265
