	model	type	acc	diff	expected	unexpected	macrodiff
0	bert-base-multilingual-uncased	type1	0.5075757575757576	-0.07824255739141142	2.5723156033300163	2.650558160721428	-0.07824255739141162
1	bert-base-multilingual-uncased	type2	0.5378787878787878	-0.23528569628310517	2.2468838407081844	2.4821695369912895	-0.23528569628310514
