	model	type	acc	diff	expected	unexpected	macrodiff
0	/home/esuritis/NLP/FINAL/Cross-lingual-LLM-gender-bias/models/UnbiasIT	type1	0.49747474747474746	0.006524143208434437	1.435184905538409	1.4286607623299745	0.006524143208434419
1	/home/esuritis/NLP/FINAL/Cross-lingual-LLM-gender-bias/models/UnbiasIT	type2	0.4671717171717172	-0.048923240862766455	3.0652566772864014	3.114179918149168	-0.04892324086276645
