	model	type	acc	diff	expected	unexpected	macrodiff
0	/home/esuritis/NLP/FINAL/Cross-lingual-LLM-gender-bias/models/UnbiasNL	type1	0.5277777777777778	-0.14020063145223752	1.8374696774896224	1.97767030894186	-0.1402006314522375
1	/home/esuritis/NLP/FINAL/Cross-lingual-LLM-gender-bias/models/UnbiasNL	type2	0.5404040404040404	-0.25110558072158556	1.3380515748564232	1.5891571555780089	-0.2511055807215856
