	model	type	acc	diff	expected	unexpected	macrodiff
0	/home/esuritis/NLP/FINAL/Cross-lingual-LLM-gender-bias/models/UnbiasRU	type1	0.5151515151515151	-0.2319501563215821	2.252383637610668	2.4843337939322496	-0.23195015632158178
1	/home/esuritis/NLP/FINAL/Cross-lingual-LLM-gender-bias/models/UnbiasRU	type2	0.5277777777777778	-0.33578348864220325	1.3877415678124625	1.7235250564546658	-0.3357834886422033
