	model	type	acc	diff	expected	unexpected	macrodiff
0	/home/esuritis/NLP/FINAL/Cross-lingual-LLM-gender-bias/models/UnbiasEN	type1	0.4671717171717172	0.002645528463501538	1.2786368267229085	1.275991298259407	0.002645528463501412
1	/home/esuritis/NLP/FINAL/Cross-lingual-LLM-gender-bias/models/UnbiasEN	type2	0.4772727272727273	-0.026517154196874303	2.731206776899047	2.757723931095921	-0.02651715419687406
