	model	type	acc	diff	expected	unexpected	macrodiff
0	/home/esuritis/NLP/FINAL/Cross-lingual-LLM-gender-bias/models/UnbiasEN	type1	0.5227272727272727	-0.04075082744127188	1.3538463634125433	1.394597190853815	-0.040750827441271786
1	/home/esuritis/NLP/FINAL/Cross-lingual-LLM-gender-bias/models/UnbiasEN	type2	0.5454545454545454	-0.08115331103346594	1.1556509680260132	1.236804279059479	-0.0811533110334659
