	model	type	acc	diff	expected	unexpected	macrodiff
0	/home/esuritis/NLP/FINAL/Cross-lingual-LLM-gender-bias/models/BIAS	type1	0.5151515151515151	0.0005162851783538604	1.452476833557629	1.451960548379275	0.0005162851783540034
1	/home/esuritis/NLP/FINAL/Cross-lingual-LLM-gender-bias/models/BIAS	type2	0.4696969696969697	-0.05181176136249282	2.9966977571865407	3.0485095185490336	-0.05181176136249288
