	model	type	acc	diff	expected	unexpected	macrodiff
0	/home/esuritis/NLP/FINAL/Cross-lingual-LLM-gender-bias/models/BIAS	type1	0.5176767676767676	-0.20139853002043734	1.7323435196139134	1.9337420496343507	-0.20139853002043728
1	/home/esuritis/NLP/FINAL/Cross-lingual-LLM-gender-bias/models/BIAS	type2	0.6540404040404041	-0.5315979445131784	1.1375329399465541	1.6691308844597326	-0.5315979445131784
