	model	type	acc	diff	expected	unexpected	macrodiff
0	/home/esuritis/NLP/FINAL/Cross-lingual-LLM-gender-bias/models/UnbiasDE	type1	0.5277777777777778	-0.18091204341585077	1.654457742069622	1.835369785485473	-0.18091204341585088
1	/home/esuritis/NLP/FINAL/Cross-lingual-LLM-gender-bias/models/UnbiasDE	type2	0.6262626262626263	-0.31972835788801235	1.2471897046174618	1.5669180625054742	-0.31972835788801235
