	model	type	acc	diff	expected	unexpected	macrodiff
0	/home/esuritis/NLP/FINAL/Cross-lingual-LLM-gender-bias/models/UnbiasHE	type1	0.547979797979798	-0.18655203776216517	1.5458732653762604	1.7324253031384256	-0.18655203776216522
1	/home/esuritis/NLP/FINAL/Cross-lingual-LLM-gender-bias/models/UnbiasHE	type2	0.6641414141414141	-0.5181119353711079	1.0909758245977697	1.6090877599688775	-0.5181119353711079
