	model	type	acc	diff	expected	unexpected	macrodiff
0	/home/esuritis/NLP/FINAL/Cross-lingual-LLM-gender-bias/models/UnbiasNL	type1	0.5151515151515151	-0.004398846597493943	1.487779047812504	1.492177894409998	-0.0043988465974940105
1	/home/esuritis/NLP/FINAL/Cross-lingual-LLM-gender-bias/models/UnbiasNL	type2	0.4671717171717172	-0.050529578250075924	2.9548224428198098	3.0053520210698856	-0.05052957825007587
