	model	type	acc	diff	expected	unexpected	macrodiff
0	/home/esuritis/NLP/FINAL/Cross-lingual-LLM-gender-bias/models/UnbiasIT	type1	0.5227272727272727	-0.1703431161800799	1.5164102897347267	1.6867534059148066	-0.1703431161800799
1	/home/esuritis/NLP/FINAL/Cross-lingual-LLM-gender-bias/models/UnbiasIT	type2	0.5858585858585859	-0.408454532382864	1.2568846380859442	1.6653391704688083	-0.4084545323828641
