	model	type	acc	diff	expected	unexpected	macrodiff
0	/home/esuritis/NLP/FINAL/Cross-lingual-LLM-gender-bias/models/UnbiasES	type1	0.5404040404040404	-0.2163990361714792	1.5406154530995109	1.75701448927099	-0.21639903617147915
1	/home/esuritis/NLP/FINAL/Cross-lingual-LLM-gender-bias/models/UnbiasES	type2	0.6515151515151515	-0.5892483066188905	1.1378008261959585	1.727049132814849	-0.5892483066188905
